date,time,欧石晶坊,黑兔充值,手游专业充值平台,小埋小店果冻君小店,老狼手游充值,业务君的小店,柯基家
2017-11-09,09:00:00,385,388,377.88,388.8,376,378,ND
2017-11-10,09:00:00,395,388,377.88,397.8,390,390,ND
2017-11-11,09:00:00,385,391,384.88,398.8,385,385,ND
2017-11-12,09:00:00,385,391,381.88,393.8,383,385,ND
2017-11-13,09:00:00,385,391,379.88,393.8,379.8,383,ND
2017-11-14,09:00:00,385,391,384.88,388.8,375,380,ND
2017-11-15,09:00:00,385,391,379.88,388.8,375,378,ND
2017-11-16,09:00:00,385,391,377.88,388.8,374,379,ND
2017-11-17,09:00:00,385,391,377.88,388.8,382,382,ND
2017-11-19,09:00:00,378,385,377.88,387.8,373,378,ND
2017-11-20,09:00:00,378,385,377.88,384.8,370,376,ND
2017-11-21,09:00:00,375,385,374.88,378.8,374.8,375,ND
2017-11-22,09:00:00,375,378,373.88,378.8,372,372,ND
2017-11-23,09:00:00,375,378,371.88,375.8,369.8,369,ND
2017-11-24,09:00:00,378,375,367.88,374.8,369.8,368,ND
2017-11-26,09:00:00,365,372,361.88,364.8,358,362,ND
2017-11-27,09:00:00,365,372,361.88,364.8,358,360,ND
2017-11-29,09:00:00,355,359,354.88,359.8,355,355,ND
2017-11-30,09:00:00,355,356,354.88,358.8,350,353,355
2017-12-01,09:00:00,353,356,348.88,353.8,355,350,355
2017-12-02,09:00:00,339,350,334.88,344.5,338,339,340
2017-12-03,09:00:00,335,340,329.88,338,324.97,335,330
2017-12-04,09:00:00,335,335,328.88,335,321.47,330,329.99
2017-12-05,09:00:00,334,335,328.88,334.8,321.67,330,329.99
2017-12-06,09:00:00,329.99,335,324.88,333.8,317.57,327,324.99
2017-12-07,09:00:00,335,332,324.88,333.8,312.57,326,320.99
2017-12-09,09:00:00,332,332,324.88,332.8,316.57,326,321.99
2017-12-10,09:00:00,335,332,328.88,331.8,322.57,329,329.99
2017-12-11,09:00:00,480,348,349.88,354.8,337.57,345,339.99
2017-12-12,09:00:24,455.00,358.00,354.88,358.80,337.57,350.00,344.99
2017-12-12,15:00:23,357.99,358.00,354.88,358.80,337.57,350.00,344.99
2017-12-12,21:00:21,357.99,358.00,354.88,366.80,337.57,350.00,344.99
2017-12-13,09:00:22,357.99,358.00,354.88,366.80,337.57,353.00,344.99
2017-12-13,15:00:23,357.99,358.00,354.88,358.80,337.57,353.00,344.99
2017-12-13,21:00:23,357.99,358.00,354.88,358.80,341.57,353.00,344.99
2017-12-14,09:00:22,339.99,346.00,354.88,358.80,345.57,340.00,344.99
2017-12-14,15:00:23,339.99,346.00,342.88,345.80,335.57,340.00,344.99
2017-12-14,21:00:22,339.99,346.00,342.88,345.80,330.57,340.00,338.00
2017-12-15,09:00:21,345.00,346.00,342.88,345.80,330.57,339.00,338.00
2017-12-15,15:00:20,355.00,346.00,342.88,345.80,330.57,339.00,338.00
2017-12-15,21:00:26,345.00,346.00,342.88,345.80,324.57,339.00,338.00
2017-12-16,09:00:21,349.99,346.00,337.88,345.80,324.57,340.00,338.00
2017-12-16,15:00:21,345.99,346.00,337.88,345.80,324.57,340.00,332.00
2017-12-16,21:00:22,349.99,346.00,337.88,345.80,324.57,339.00,332.00
2017-12-17,09:00:21,345.00,346.00,337.88,345.80,324.57,339.00,332.00
2017-12-17,15:00:54,345.00,346.00,337.88,345.80,324.57,339.00,332.00
2017-12-17,21:00:22,345.00,346.00,337.88,345.80,324.57,339.00,332.00
2017-12-18,09:00:22,345.00,346.00,337.88,345.80,324.57,339.00,332.00
2017-12-18,15:00:21,345.00,346.00,337.88,345.80,327.57,339.00,332.00
2017-12-18,21:00:22,345.00,346.00,337.88,345.80,323.57,339.00,332.00
2017-12-19,09:00:22,345.00,346.00,337.88,345.80,323.57,342.00,332.00
2017-12-19,15:00:22,345.00,346.00,337.88,345.80,323.57,342.00,332.00
2017-12-19,21:00:23,355.00,346.00,344.88,345.80,331.57,342.00,342.00
2017-12-20,09:00:21,358.00,358.00,344.88,358.80,343.67,353.00,342.00
2017-12-20,15:00:22,358.00,358.00,344.88,358.80,347.67,354.50,352.00
2017-12-20,21:00:23,358.00,358.00,354.88,358.80,347.67,354.50,352.00
2017-12-21,09:00:22,358.00,364.00,364.88,364.80,347.67,354.50,352.00
2017-12-21,15:00:22,375.00,364.00,364.88,376.80,347.67,354.50,355.00
2017-12-21,21:00:24,375.00,374.00,364.88,378.80,356.67,360.00,360.00
2017-12-22,09:00:22,369.99,374.00,357.88,378.80,356.67,365.00,360.00
2017-12-22,15:00:22,369.99,374.00,362.88,374.80,356.67,368.00,365.00
2017-12-22,21:00:22,369.99,374.00,364.88,378.80,356.67,368.00,365.00
2017-12-23,09:00:23,384.00,384.00,372.88,384.80,366.67,376.00,375.00
2017-12-23,15:00:21,379.00,384.00,372.88,384.80,366.67,378.00,375.00
2017-12-23,21:00:22,379.00,384.00,379.88,384.80,366.67,378.00,375.00
2017-12-24,09:00:22,379.00,384.00,379.88,384.80,366.67,378.00,375.00
2017-12-24,15:00:20,379.00,384.00,379.88,384.80,363.67,378.00,372.00
2017-12-24,21:00:21,379.00,384.00,374.88,384.80,363.67,380.00,372.00
2017-12-25,09:00:21,379.00,384.00,378.88,388.80,363.67,380.00,369.99
2017-12-25,15:00:22,379.00,384.00,393.99,388.80,371.67,380.00,369.99
2017-12-25,21:00:21,379.00,384.00,394.88,388.80,371.67,380.00,379.99
2017-12-26,09:00:21,400.00,384.00,394.88,388.80,389.67,388.00,400.00
2017-12-26,15:00:23,518.00,405.00,448.88,445.80,389.67,400.00,398.00
2017-12-26,21:00:21,518.00,445.00,464.88,445.80,421.67,435.00,430.00
2017-12-27,09:00:21,408.00,425.00,434.88,435.80,421.67,412.00,430.00
2017-12-27,15:00:21,399.99,425.00,434.88,425.80,396.67,412.00,410.00
2017-12-27,21:00:22,399.99,425.00,399.88,419.80,396.67,410.00,405.00
2017-12-28,09:00:22,399.99,395.00,404.88,419.80,396.67,395.00,405.00
2017-12-28,15:00:21,399.99,395.00,394.88,398.80,386.67,392.00,390.00
2017-12-28,21:00:22,388.00,395.00,394.88,394.80,384.67,392.00,385.00
2017-12-29,09:00:31,384.99,395.00,394.88,394.80,384.67,387.00,385.00
2017-12-29,15:00:21,384.99,395.00,394.88,404.80,379.67,387.00,385.00
2017-12-29,21:00:21,387.99,395.00,388.88,404.80,379.67,388.00,390.00
2017-12-30,09:00:21,395.00,402.00,399.88,404.80,388.00,395.00,390.00
2017-12-30,15:00:22,389.99,402.00,399.88,404.80,388.00,395.00,390.00
2017-12-30,21:00:21,389.99,402.00,388.88,402.80,388.00,395.00,388.00
2017-12-31,09:00:22,389.99,402.00,397.88,402.80,398.00,395.00,388.00
2017-12-31,15:00:21,389.99,402.00,397.88,402.80,388.05,395.00,394.00
2017-12-31,21:00:22,389.99,402.00,397.88,402.80,388.05,395.00,394.00
2018-01-01,09:00:21,389.99,402.00,397.88,402.80,388.05,395.00,398.00
2018-01-01,15:00:22,389.99,402.00,397.88,414.80,388.05,395.00,398.00
2018-01-01,21:00:22,405.00,424.00,397.88,423.80,397.80,412.00,420.00
2018-01-02,09:00:21,425.00,440.00,424.88,426.80,408.53,430.00,420.00
2018-01-02,15:00:22,435.00,440.00,438.88,446.80,436.80,435.00,430.00
2018-01-02,21:00:22,475.00,480.00,464.88,479.80,472.88,468.00,468.00
2018-01-03,09:00:24,428.00,440.00,419.88,439.80,453.38,425.00,475.00
2018-01-03,15:00:23,424.99,426.00,419.88,426.80,414.38,424.00,423.00
2018-01-03,21:00:23,424.99,426.00,414.88,424.80,414.38,420.00,420.00
2018-01-04,09:00:22,388.00,426.00,414.88,407.80,414.38,398.00,417.00
2018-01-04,15:00:23,368.00,406.00,389.88,398.80,384.15,388.00,399.99
2018-01-04,21:00:23,368.00,390.00,379.88,389.80,378.30,388.00,388.00
2018-01-05,09:00:23,385.00,390.00,377.88,389.80,378.30,380.00,388.00
2018-01-05,15:00:24,385.00,390.00,382.88,389.80,370.50,379.00,388.00
2018-01-05,21:00:23,385.00,390.00,383.88,389.80,370.50,379.00,378.00
2018-01-06,09:00:23,385.00,390.00,377.88,389.80,370.50,378.00,378.00
2018-01-06,15:00:23,385.00,390.00,372.88,382.80,370.50,375.00,378.00
2018-01-06,21:00:23,378.00,390.00,372.88,382.80,365.63,373.00,373.00
2018-01-07,09:00:23,368.00,390.00,372.88,379.80,365.63,368.00,373.00
2018-01-07,15:00:23,368.00,377.00,367.88,374.80,358.80,368.00,368.00
2018-01-07,21:00:24,368.00,377.00,367.88,374.80,358.80,367.00,368.00
2018-01-08,09:00:23,368.00,377.00,367.88,374.80,369.53,368.00,368.00
2018-01-08,15:00:23,365.00,377.00,367.88,374.80,360.75,365.00,368.00
2018-01-08,21:00:23,365.00,377.00,367.88,374.80,360.75,368.00,368.00
2018-01-09,09:00:23,365.00,377.00,367.88,374.80,360.75,368.00,368.00
2018-01-09,15:00:23,365.00,370.00,367.88,369.80,360.75,365.00,368.00
2018-01-09,21:00:24,365.00,370.00,362.88,369.80,360.75,365.00,365.00
2018-01-10,09:00:23,365.00,370.00,362.88,369.80,365.63,365.00,365.00
2018-01-10,15:00:23,365.00,370.00,361.88,369.80,365.63,365.00,365.00
2018-01-10,21:00:23,365.00,370.00,361.88,366.80,365.63,365.00,365.00
2018-01-11,09:00:23,358.99,370.00,361.88,366.80,365.63,365.00,365.00
2018-01-11,15:00:23,358.99,370.00,361.88,364.80,365.63,365.00,365.00
2018-01-11,21:00:24,364.99,370.00,361.88,364.80,362.70,362.00,365.00
2018-01-12,09:00:23,364.99,370.00,361.88,364.80,362.70,362.00,365.00
2018-01-12,15:00:25,366.99,370.00,361.88,367.80,362.70,362.00,365.00
2018-01-12,21:00:24,369.99,370.00,361.88,367.80,362.70,365.00,365.00
2018-01-13,09:00:24,368.99,370.00,361.88,368.80,362.70,365.00,365.00
2018-01-13,15:00:23,365.99,370.00,368.88,368.80,364.65,365.00,365.00
2018-01-13,21:00:23,365.99,379.00,368.88,368.80,364.65,368.00,365.00
2018-01-14,09:01:18,388.00,420.00,369.88,384.80,374.07,385.00,380.00
2018-01-14,15:00:24,398.00,420.00,414.88,394.80,394.80,385.00,380.00
2018-01-14,21:00:31,378.99,395.00,384.88,394.80,374.07,379.99,379.00
2018-01-15,09:00:23,378.99,395.00,384.88,394.80,383.94,379.99,380.00
2018-01-15,15:00:23,376.99,395.00,378.88,379.80,375.06,375.00,380.00
2018-01-15,21:00:24,376.99,380.00,378.88,379.80,375.06,375.00,375.00
2018-01-16,09:00:24,376.99,380.00,381.88,379.80,375.06,372.99,375.00
2018-01-16,15:00:26,376.99,380.00,381.88,377.80,375.06,375.00,375.00
2018-01-16,21:00:25,378.99,420.00,388.88,379.80,375.06,379.00,375.00
2018-01-17,09:00:24,386.00,385.00,388.88,383.80,375.06,378.00,373.98
2018-01-17,15:00:25,398.00,385.00,388.88,383.80,380.00,378.00,373.98
2018-01-17,21:00:24,398.00,385.00,378.88,383.80,375.06,379.00,373.98
2018-01-18,09:00:24,395.00,385.00,388.88,385.80,378.02,382.00,373.98
2018-01-18,15:00:26,395.00,385.00,388.88,388.80,378.02,382.00,376.98
2018-01-18,21:00:26,395.00,392.00,381.88,392.80,378.02,383.00,376.98
2018-01-19,09:00:24,395.00,392.00,384.88,394.80,382.96,388.00,379.99
2018-01-19,15:00:26,388.00,392.00,394.88,394.80,382.96,388.00,382.99
2018-01-19,21:00:25,428.00,398.00,399.88,394.80,394.80,390.00,382.99
2018-01-20,09:00:25,405.00,405.00,401.88,404.80,399.74,399.99,396.98
2018-01-20,15:00:25,399.99,405.00,401.88,404.80,399.74,399.99,397.98
2018-01-20,21:00:25,399.99,405.00,394.88,404.80,394.80,399.00,393.98
2018-01-21,09:00:27,408.00,415.00,399.88,408.80,399.74,399.00,393.98
2018-01-21,15:00:26,417.99,419.00,399.88,422.80,399.74,399.00,398.98
2018-01-21,21:00:26,417.99,423.00,419.88,422.80,409.61,405.00,397.99
2018-01-22,09:00:25,417.99,423.00,408.88,422.80,409.61,405.00,399.99
2018-01-22,15:00:26,417.99,423.00,408.88,422.80,405.66,405.00,402.99
2018-01-22,21:00:26,417.99,419.00,408.88,418.80,405.66,405.00,399.99
2018-01-23,09:00:24,417.99,419.00,412.88,418.80,408.62,408.00,402.99
2018-01-23,15:00:25,429.99,419.00,409.88,417.80,424.41,408.00,402.99
2018-01-23,21:00:28,469.00,469.00,464.88,468.80,444.15,450.00,454.99
2018-01-24,09:00:25,458.00,469.00,448.88,468.80,444.15,450.00,444.99
2018-01-24,15:00:26,414.99,419.00,414.88,417.50,416.51,419.00,413.99
2018-01-24,21:00:24,414.99,419.00,407.88,413.50,404.67,413.80,408.79
2018-01-25,09:00:25,404.00,419.00,403.88,404.50,404.67,411.00,402.99
2018-01-25,15:00:25,403.99,419.00,409.88,407.50,404.67,405.00,399.99
2018-01-25,21:00:25,398.99,419.00,407.88,401.50,399.74,405.00,399.65
2018-01-26,09:00:25,398.99,412.00,407.88,399.50,399.74,399.99,399.65
2018-01-26,15:00:25,397.99,409.99,407.88,399.50,409.61,399.00,393.99
2018-01-26,21:00:25,397.99,408.99,401.88,399.50,396.77,399.00,393.99
2018-01-27,09:00:25,397.99,407.00,401.88,399.50,392.83,398.00,390.99
2018-01-27,15:00:26,395.99,403.88,397.88,397.50,392.83,398.00,386.99
2018-01-27,21:00:25,395.99,403.88,396.88,397.50,392.83,398.00,391.99
2018-01-28,09:00:24,395.99,399.00,394.88,396.50,394.02,396.80,391.99
2018-01-28,15:00:25,391.99,399.00,394.88,395.50,394.02,396.80,390.99
2018-01-28,21:00:25,389.99,399.00,394.88,390.50,390.06,395.00,388.99
2018-01-29,09:00:25,388.99,399.00,394.88,389.50,390.06,389.99,388.99
2018-01-29,15:00:25,388.50,395.00,394.88,388.50,383.13,389.99,381.99
2018-01-29,21:00:24,387.99,395.00,394.88,388.00,383.13,388.88,382.99
2018-01-30,09:00:24,387.99,389.80,394.88,388.30,383.13,388.88,382.99
2018-01-30,15:00:24,384.99,389.80,394.88,387.80,390.06,388.88,381.99
2018-01-30,21:00:25,389.99,389.80,389.88,387.80,384.12,388.00,383.49
2018-01-31,09:00:24,395.00,386.00,389.88,387.50,384.12,386.88,383.49
2018-01-31,15:00:24,389.00,386.00,389.88,387.50,384.12,386.88,380.99
2018-01-31,21:00:24,389.00,386.00,384.88,387.50,389.07,385.00,380.99
2018-02-01,09:00:24,388.99,386.00,384.88,385.50,389.07,385.00,379.98
2018-02-01,15:00:24,385.00,386.00,384.88,385.50,389.07,382.80,379.98
2018-02-01,21:00:25,385.00,386.00,384.88,385.50,380.16,382.80,376.99
2018-02-02,09:00:25,385.00,386.00,384.88,385.50,376.20,382.80,375.99
2018-02-02,15:00:25,385.00,386.00,377.88,382.50,376.20,380.00,374.99
2018-02-02,21:00:25,379.99,381.00,377.88,379.50,370.26,380.00,369.87
2018-02-03,09:00:23,374.99,378.00,377.88,379.50,370.26,375.00,369.87
2018-02-03,15:00:24,372.00,377.00,368.88,374.50,370.26,374.88,368.99
2018-02-03,21:00:25,372.00,377.00,372.88,374.50,368.28,374.88,367.99
2018-02-04,09:00:23,368.99,372.00,372.88,372.50,368.28,369.00,367.99
2018-02-04,15:00:24,368.99,372.00,367.88,369.50,366.30,369.00,363.99
2018-02-04,21:00:24,368.99,372.00,368.88,369.50,366.30,369.00,363.99
2018-02-05,09:00:25,368.99,372.00,368.88,369.50,368.28,368.00,365.99
2018-02-05,15:00:24,385.00,388.00,371.88,384.50,378.18,379.00,370.99
2018-02-05,21:00:26,385.00,395.00,377.88,387.50,385.11,379.00,373.99
2018-02-06,09:00:24,385.00,384.00,379.88,387.50,384.12,380.00,383.99
2018-02-06,15:00:24,383.00,384.00,382.88,384.50,380.16,380.00,382.99
2018-02-06,21:00:27,379.99,380.00,382.88,380.50,378.18,379.00,374.99
2018-02-07,09:00:24,379.99,380.00,377.88,380.50,376.20,378.00,374.99
2018-02-07,15:00:24,379.99,380.00,374.88,378.50,374.22,376.80,372.99
2018-02-07,21:00:26,375.99,378.00,374.88,376.50,374.22,376.80,370.99
2018-02-08,09:00:28,375.99,378.00,374.88,376.50,372.24,376.00,370.99
2018-02-08,15:00:24,375.99,378.00,374.88,376.50,372.24,375.00,369.99
2018-02-08,21:00:24,375.99,378.00,384.88,376.50,372.24,375.00,369.99
2018-02-09,09:00:25,378.00,378.00,384.88,384.50,375.21,378.00,372.99
2018-02-09,15:00:26,378.00,378.00,377.88,378.50,373.23,378.00,379.99
2018-02-09,21:00:25,383.00,385.00,384.88,389.50,373.23,378.00,372.79
2018-02-10,09:00:24,392.00,392.00,384.88,394.50,382.14,388.00,376.99
2018-02-10,15:00:23,392.00,392.00,384.88,394.50,382.14,388.00,380.99
2018-02-10,21:00:24,388.00,392.00,378.88,394.50,384.12,385.00,380.99
2018-02-11,09:00:25,388.00,388.00,381.88,389.50,384.12,382.00,380.99
2018-02-11,15:00:23,388.00,388.00,381.88,387.50,380.16,382.00,376.99
2018-02-11,21:00:25,407.99,398.00,387.88,413.80,392.04,395.00,389.99
2018-02-12,09:00:24,411.99,399.00,394.88,413.80,395.01,398.00,389.99
2018-02-12,15:00:33,411.99,403.00,419.88,413.80,405.90,398.00,393.99
2018-02-12,21:00:24,411.99,416.00,518.00,413.80,405.90,405.00,402.99
2018-02-13,09:00:24,411.99,413.00,404.88,413.80,405.90,410.00,408.00
2018-02-13,15:00:23,411.99,413.00,404.88,412.50,405.90,410.00,410.00
2018-02-13,21:00:24,411.99,412.00,404.88,412.50,405.90,410.00,410.00
2018-02-14,09:00:23,428.00,418.00,407.88,418.80,405.90,410.00,410.00
2018-02-14,15:00:23,428.00,418.00,414.88,428.80,410.85,412.00,409.00
2018-02-14,21:00:23,438.00,428.00,414.88,434.80,410.85,425.00,415.00
2018-02-15,09:02:24,448.00,432.00,414.88,434.80,420.75,428.00,425.00
2018-02-15,15:00:23,448.00,432.00,518.00,438.80,420.75,428.00,500.00
2018-02-15,21:00:23,448.00,446.00,518.00,447.80,425.70,443.00,419.99
2018-02-16,09:00:23,478.00,475.00,518.00,488.80,450.45,465.00,464.99
2018-02-16,15:00:23,475.00,475.00,518.00,478.80,460.35,468.00,464.99
2018-02-16,21:00:24,469.00,470.00,518.00,478.80,460.35,465.00,449.99
2018-02-17,09:00:24,458.00,458.00,518.00,468.80,455.40,455.00,449.99
2018-02-17,15:00:24,435.00,439.00,438.88,439.50,431.64,436.00,439.99
2018-02-17,21:00:24,429.00,426.00,427.88,435.50,425.70,435.00,439.99
2018-02-18,09:00:23,518.00,440.00,427.88,439.80,435.60,430.00,429.99
2018-02-18,15:00:25,518.00,436.00,427.88,439.80,435.60,425.00,426.99
2018-02-18,21:00:24,429.00,429.00,427.88,429.80,413.82,425.00,426.99
2018-02-19,09:00:24,429.00,429.00,427.88,437.80,420.75,425.00,426.99
2018-02-19,15:00:23,439.00,425.00,427.88,437.80,420.75,423.00,426.99
2018-02-19,21:00:24,439.00,428.00,414.88,437.80,420.75,423.00,414.99
2018-02-20,09:00:25,423.00,420.00,424.88,437.80,420.75,420.00,419.99
2018-02-20,15:00:25,418.00,416.00,409.88,427.80,412.83,415.00,414.99
2018-02-20,21:00:24,418.00,416.00,414.88,427.80,405.90,409.99,414.99
2018-02-21,09:00:23,418.00,411.00,414.88,427.80,409.86,409.99,414.99
2018-02-21,15:00:24,418.00,410.00,414.88,427.80,404.91,409.99,414.99
2018-02-21,21:00:24,418.00,410.00,408.88,427.80,404.91,409.99,403.99
2018-02-22,09:00:28,409.99,410.00,414.88,427.80,410.85,409.99,403.99
2018-02-22,15:00:26,409.99,410.00,407.88,427.80,405.90,408.00,404.99
2018-02-22,21:00:30,445.00,436.00,424.88,444.80,430.65,438.00,429.99
2018-02-23,09:00:29,439.99,423.00,418.88,436.50,428.67,420.00,429.99
2018-02-23,15:00:26,419.99,418.00,414.88,418.80,420.00,410.00,414.99
2018-02-23,21:00:30,415.00,416.00,404.88,418.80,415.80,409.00,404.99
2018-02-24,09:00:25,425.00,425.00,389.88,440.80,425.70,419.99,434.99
2018-02-24,15:00:34,406.00,399.00,394.88,399.80,405.90,399.99,414.99
2018-02-24,21:00:26,396.00,397.00,387.88,397.80,386.10,395.00,389.99
2018-02-25,09:00:27,389.99,389.00,387.88,392.80,384.12,386.00,383.99
2018-02-25,15:00:26,379.00,380.00,379.88,380.00,379.17,379.80,379.99
2018-02-25,21:00:26,379.00,380.00,374.88,381.80,376.20,378.00,373.99
2018-02-26,09:00:27,379.00,380.00,377.88,379.80,376.20,373.00,369.79
2018-02-26,15:00:30,375.00,379.00,369.88,378.80,372.24,373.00,370.99
2018-02-26,21:00:29,375.00,379.00,368.88,377.80,372.24,373.00,370.99
2018-02-27,09:00:25,369.99,370.00,368.88,371.80,372.24,369.80,370.99
2018-02-27,15:00:27,365.00,368.00,368.88,367.80,358.38,365.00,356.99
2018-02-27,21:05:22,375.00,368.00,364.88,367.80,358.38,365.00,356.99
2018-02-28,09:00:28,365.00,362.00,361.88,367.80,361.35,362.00,359.99
2018-02-28,15:00:27,362.00,362.00,361.88,361.80,358.38,362.00,356.99
2018-02-28,21:00:26,362.00,362.00,357.88,361.80,356.40,360.88,359.99
2018-03-01,09:00:26,362.00,362.00,362.88,368.80,358.38,360.80,359.99
2018-03-01,15:00:38,362.00,362.00,362.88,368.80,355.41,360.80,359.00
2018-03-01,21:02:08,365.00,362.00,362.88,361.80,355.41,359.80,353.99
2018-03-02,09:00:26,359.99,362.00,362.88,360.80,365.31,359.00,359.99
2018-03-02,15:00:31,365.00,362.00,362.88,361.80,356.40,360.80,359.99
2018-03-02,21:00:30,365.00,365.00,362.88,364.80,356.40,359.88,353.99
2018-03-03,09:00:26,363.00,365.00,362.88,363.80,358.38,362.00,354.98
2018-03-03,15:00:25,360.99,361.00,357.88,362.00,356.40,359.00,354.99
2018-03-03,21:00:30,358.99,361.00,357.88,360.00,355.41,358.00,352.99
2018-03-04,09:00:26,358.99,361.00,357.88,360.00,354.42,358.00,352.99
2018-03-04,15:00:26,358.99,361.00,354.88,360.00,356.30,365.00,352.99
2018-03-04,21:00:28,359.90,361.00,354.88,360.00,353.43,359.00,353.99
2018-03-05,09:00:26,359.90,361.00,354.88,360.00,356.30,359.00,353.99
2018-03-05,15:00:26,359.90,360.00,354.88,360.00,351.35,359.00,348.99
2018-03-05,21:00:27,359.90,360.00,354.88,360.00,351.35,359.00,348.99
2018-03-06,09:00:26,355.90,358.00,351.88,358.00,349.37,358.00,348.99
2018-03-06,15:00:25,355.90,358.00,351.88,355.00,344.52,358.00,348.99
2018-03-06,21:00:26,353.00,355.00,351.88,355.00,351.45,355.00,349.99
2018-03-07,09:00:25,353.00,355.00,351.88,355.00,348.48,355.00,349.99
2018-03-07,15:00:26,353.00,355.00,348.88,355.00,348.48,355.00,349.99
2018-03-07,21:00:26,349.99,355.00,348.88,354.80,348.48,350.00,339.99
2018-03-08,09:00:25,349.99,355.00,348.88,354.80,348.48,350.88,342.99
2018-03-08,15:00:27,349.99,355.00,348.88,354.80,346.50,350.88,342.99
2018-03-08,21:00:24,349.99,355.00,348.88,354.80,346.50,350.00,342.99
2018-03-09,09:00:25,349.99,352.00,348.88,354.80,346.50,350.00,342.99
2018-03-09,15:00:26,349.99,352.00,352.88,352.00,346.50,349.00,344.99
2018-03-09,21:01:29,349.99,352.00,349.88,352.00,350.00,349.00,350.00
2018-03-10,09:00:26,352.00,352.00,349.88,352.00,342.54,348.00,341.99
2018-03-10,15:00:25,348.99,352.00,347.88,350.00,342.54,348.00,341.99
2018-03-10,21:00:26,348.99,349.00,347.88,348.00,342.54,347.00,341.99
2018-03-11,09:00:24,346.99,349.00,345.88,348.00,336.60,347.00,340.99
2018-03-11,15:00:26,346.99,349.00,344.88,348.00,342.54,346.00,340.99
2018-03-11,21:00:26,346.99,349.00,344.88,345.00,342.54,346.00,340.99
2018-03-12,09:00:24,346.99,349.00,344.88,345.00,342.54,345.00,340.99
2018-03-12,15:00:25,346.99,349.00,344.88,345.00,341.55,345.00,337.99
2018-03-12,21:00:27,346.99,349.00,344.88,349.00,346.50,346.00,340.99
2018-03-13,09:00:25,348.99,360.00,348.88,349.00,343.53,349.00,343.99
2018-03-13,15:00:25,348.99,360.00,348.88,359.00,343.53,349.00,343.99
2018-03-13,21:00:28,355.00,360.00,348.88,359.00,349.47,358.00,343.99
2018-03-14,09:00:26,369.00,360.00,348.88,359.00,351.45,358.00,343.99
2018-03-14,15:00:25,369.00,360.00,351.88,359.00,351.45,358.00,350.99
2018-03-14,21:00:25,365.00,360.00,354.88,360.00,355.41,358.00,354.99
2018-03-15,09:00:25,359.99,360.00,359.88,360.00,355.41,359.99,354.99
2018-03-15,15:00:27,359.99,360.00,354.88,360.00,355.41,358.00,351.99
2018-03-15,21:00:25,359.99,360.00,354.88,360.00,355.41,358.00,351.99
2018-03-16,09:00:24,359.99,360.00,357.88,360.00,350.46,356.88,349.99
2018-03-16,15:00:26,355.99,360.00,357.88,360.00,344.99,356.88,347.99
2018-03-16,21:00:29,355.99,360.00,349.88,360.00,344.99,356.88,347.99
2018-03-17,09:00:49,355.99,356.00,348.88,360.00,348.99,352.00,347.99
2018-03-17,15:00:45,353.99,356.00,348.88,356.00,348.99,352.00,345.98
2018-03-17,21:00:27,353.99,356.00,348.88,356.00,346.99,352.00,343.98
2018-03-18,09:00:34,349.00,356.00,347.88,352.00,346.99,350.80,343.98
2018-03-18,15:02:38,349.00,352.00,347.88,352.00,346.99,350.80,343.98
2018-03-18,21:01:28,349.00,352.00,347.88,352.00,342.00,350.80,343.98
2018-03-19,09:00:33,349.00,352.00,347.88,352.00,346.00,349.99,338.99
2018-03-19,15:00:26,349.00,352.00,347.88,350.00,346.00,349.99,341.99
2018-03-19,21:00:30,349.00,352.00,347.88,350.00,346.00,349.99,341.99
2018-03-20,09:00:30,349.00,352.00,347.88,350.00,349.00,349.99,341.99
2018-03-20,15:00:31,349.00,352.00,347.88,350.00,349.00,349.99,341.99
2018-03-20,21:00:43,349.00,352.00,347.88,350.00,349.00,349.99,347.99
2018-03-21,09:00:27,349.00,362.00,347.88,351.80,349.00,356.00,347.99
2018-03-21,15:00:38,355.00,360.00,347.88,357.80,349.00,358.00,347.99
2018-03-21,21:00:32,355.00,360.00,347.88,357.80,349.00,358.00,347.99
2018-03-22,09:00:29,355.00,360.00,347.88,357.80,355.00,360.00,347.99
2018-03-22,15:00:31,355.00,360.00,347.88,357.80,355.00,360.00,347.99
2018-03-22,21:00:27,357.99,368.00,354.88,359.80,359.00,362.00,352.99
2018-03-23,09:00:25,375.00,380.00,359.88,371.80,365.00,375.00,352.99
2018-03-23,15:00:27,372.00,380.00,359.88,378.80,365.00,375.00,357.98
2018-03-23,21:00:26,369.99,380.00,359.88,378.80,365.00,375.00,357.98
2018-03-24,09:00:27,369.99,380.00,359.88,378.80,368.00,372.00,357.98
2018-03-24,15:00:31,369.99,380.00,359.88,378.80,368.00,372.00,355.98
2018-03-24,21:00:29,369.99,378.00,359.88,375.00,368.00,372.00,355.98
2018-03-25,09:00:28,369.99,378.00,359.88,375.00,364.00,372.00,355.98
2018-03-25,15:05:21,369.99,385.00,359.88,379.80,360.00,372.00,357.98
2018-03-25,21:00:26,377.99,385.00,399.88,384.80,378.00,378.00,375.99
2018-03-26,09:00:33,378.00,383.00,379.88,385.00,374.00,379.00,375.99
2018-03-26,15:00:27,368.00,375.00,379.88,369.80,367.00,369.80,364.99
2018-03-26,21:00:28,363.00,365.00,358.88,365.80,358.00,365.00,364.99
2018-03-27,09:00:26,363.00,365.00,364.88,365.80,355.00,362.00,355.99
2018-03-27,15:00:26,363.00,360.00,361.88,360.80,350.00,362.00,347.98
2018-03-27,21:00:24,359.00,360.00,357.88,360.80,346.00,358.00,347.98
2018-03-28,09:00:30,359.00,360.00,354.88,360.00,353.90,358.00,347.98
2018-03-28,15:00:27,359.00,358.00,354.88,360.00,346.00,358.00,347.98
2018-03-28,21:00:27,359.00,358.00,354.88,360.00,353.00,358.00,347.98
2018-03-29,09:00:34,359.00,362.00,354.88,360.00,353.00,356.00,347.98
2018-03-29,15:00:29,359.00,362.00,354.88,360.00,349.00,358.00,346.98
2018-03-29,21:02:25,359.00,362.00,354.88,360.00,349.00,358.00,346.98
2018-03-30,09:00:28,355.99,362.00,348.88,362.00,359.00,356.80,346.98
2018-03-30,15:00:26,355.99,362.00,348.88,362.00,346.00,356.80,352.99
2018-03-30,21:00:32,355.99,362.00,348.88,362.00,343.00,356.80,352.99
2018-03-31,09:00:27,355.99,362.00,344.88,362.00,355.00,354.80,355.00
2018-03-31,15:00:32,353.00,362.00,344.88,358.80,355.00,354.80,355.00
2018-03-31,21:00:30,353.00,362.00,344.88,358.80,348.00,354.80,348.00
2018-04-01,09:00:28,347.99,362.00,344.88,357.80,349.00,352.00,347.00
2018-04-01,15:00:27,347.99,362.00,344.88,357.80,355.00,353.00,347.00
2018-04-01,21:00:31,347.99,359.00,344.88,357.80,350.00,353.00,350.00
2018-04-02,09:00:26,347.99,359.00,344.88,357.80,350.00,358.00,350.00
2018-04-02,15:00:31,355.00,359.00,344.88,359.80,350.00,358.00,350.00
2018-04-02,21:00:26,355.00,359.00,344.88,359.80,368.00,360.00,350.00
2018-04-03,09:00:26,375.99,359.00,354.88,359.80,355.00,353.80,360.00
2018-04-03,15:00:30,355.99,359.00,344.88,359.80,350.00,353.80,352.00
2018-04-03,21:00:27,355.99,359.00,344.88,358.80,346.00,353.80,345.00
2018-04-04,09:00:31,355.99,356.00,344.88,355.80,346.00,349.00,345.00
2018-04-04,15:00:27,345.00,356.00,344.88,355.80,346.00,349.00,345.00
2018-04-04,21:00:27,349.99,356.00,339.88,355.80,346.00,349.00,345.00
2018-04-05,09:00:25,345.00,352.00,339.88,350.00,343.00,345.00,345.00
2018-04-05,15:00:26,345.00,350.00,339.88,350.00,338.00,345.00,343.00
2018-04-05,21:00:27,329.99,350.00,334.88,350.00,338.00,345.00,338.00
2018-04-06,09:00:26,329.99,345.00,334.88,335.00,328.00,338.00,328.00
2018-04-06,15:00:25,319.99,345.00,334.88,343.80,328.00,329.80,330.00
2018-04-06,21:00:26,319.99,345.00,314.88,343.80,328.00,329.80,314.00
2018-04-07,09:00:27,315.00,340.00,308.88,327.80,328.00,323.00,326.00
2018-04-07,15:00:25,309.99,340.00,308.88,318.00,300.00,323.00,314.00
2018-04-07,21:00:26,289.99,340.00,298.88,318.00,300.00,318.00,299.00
2018-04-08,09:00:26,289.99,340.00,298.88,300.00,300.00,290.00,299.00
2018-04-08,15:00:27,305.00,340.00,298.88,298.00,305.00,298.00,302.00
2018-04-08,21:00:27,289.99,340.00,348.88,307.00,335.00,307.00,332.00
2018-04-09,09:00:26,289.89,340.00,294.88,298.80,300.00,295.00,299.00
2018-04-09,15:00:26,284.99,340.00,279.88,284.80,288.00,289.80,285.00
2018-04-09,21:00:27,274.99,340.00,277.88,284.80,280.00,289.80,282.00
2018-04-10,09:00:25,265.00,340.00,277.88,277.80,280.00,275.00,278.00
2018-04-10,15:00:27,270.00,340.00,277.88,287.80,275.00,275.00,265.00
2018-04-10,21:00:28,275.00,340.00,254.88,280.00,268.00,269.80,266.00
2018-04-11,09:00:26,269.99,340.00,254.88,280.00,255.00,275.00,266.00
2018-04-11,15:00:26,299.99,340.00,299.88,298.80,279.00,295.00,295.00
2018-04-11,21:00:27,309.99,340.00,299.88,308.80,293.00,302.00,295.00
2018-04-12,09:00:26,309.99,340.00,314.88,308.80,305.00,299.00,295.00
2018-04-12,15:00:27,299.99,340.00,314.88,299.80,298.00,299.00,295.00
2018-04-12,21:00:27,286.00,340.00,294.88,299.80,289.00,299.00,288.00
2018-04-13,09:00:24,299.99,340.00,288.88,299.80,295.00,289.00,288.00
2018-04-13,15:00:25,318.00,340.00,284.88,318.80,299.00,280.00,289.00
2018-04-13,21:00:26,380.00,380.00,378.88,367.80,329.00,318.00,325.00
2018-04-14,09:00:25,380.00,380.00,348.88,367.80,329.00,325.00,325.00
2018-04-14,15:00:26,399.99,408.00,348.88,367.80,339.00,320.00,320.00
2018-04-14,21:00:26,399.99,408.00,348.88,367.80,339.00,320.00,320.00
2018-04-15,09:00:27,399.99,408.00,348.88,367.80,335.00,320.00,320.00
2018-04-15,15:00:25,399.99,408.00,348.88,367.80,335.00,320.00,299.00
2018-04-15,21:00:25,399.99,408.00,348.88,367.80,335.00,320.00,318.00
2018-04-16,09:00:25,399.99,408.00,348.88,367.80,335.00,320.00,318.00
2018-04-16,15:00:29,399.99,408.00,348.88,367.80,335.00,320.00,317.00
2018-04-16,21:00:27,399.99,408.00,348.88,367.80,315.00,320.00,317.00
2018-04-17,09:00:26,399.99,408.00,348.88,367.80,315.00,315.00,317.00
2018-04-17,15:00:26,399.99,408.00,348.88,367.80,315.00,312.00,312.00
2018-04-17,21:00:28,399.99,408.00,348.88,367.80,315.00,312.00,312.00
2018-04-18,09:00:27,399.99,408.00,348.88,367.80,345.00,312.00,312.00
2018-04-18,15:00:26,399.99,408.00,348.88,329.80,345.00,312.00,312.00
2018-04-18,21:00:28,399.99,408.00,348.88,329.80,328.00,312.00,309.00
2018-04-19,09:00:27,399.99,408.00,348.88,329.80,328.00,312.00,309.00
2018-04-19,15:00:26,399.99,408.00,348.88,329.80,328.00,312.00,309.00
2018-04-19,21:00:33,399.99,408.00,348.88,329.80,328.00,312.00,309.00
2018-04-20,09:00:26,399.99,408.00,348.88,329.80,328.00,312.00,309.00
2018-04-20,15:00:26,399.99,408.00,399.88,359.80,428.00,358.00,309.00
2018-04-20,21:00:32,480.00,518.00,429.88,510.00,425.00,358.00,358.00
2018-04-21,09:00:25,480.00,518.00,367.88,510.00,425.00,358.00,358.00
2018-04-21,15:00:25,480.00,518.00,367.88,510.00,425.00,358.00,358.00
2018-04-21,21:00:26,480.00,518.00,367.88,510.00,425.00,358.00,358.00
2018-04-22,09:00:25,748.00,518.00,367.88,510.00,425.00,388.00,358.00
2018-04-22,15:00:25,748.00,518.00,378.88,,425.00,388.00,388.00
2018-04-22,21:00:24,748.00,520.00,367.88,,425.00,388.00,388.00
2018-04-23,09:00:25,748.00,520.00,367.88,,425.00,388.00,388.00
2018-04-23,15:00:25,748.00,520.00,377.88,,410.00,388.00,388.00
2018-04-23,21:00:26,748.00,520.00,377.88,,410.00,388.00,368.00
2018-04-24,09:00:25,748.00,520.00,377.88,,410.00,379.00,368.00
2018-04-24,15:00:24,,520.00,367.88,,419.00,379.00,365.00
2018-04-24,21:00:23,,520.00,367.88,,419.00,,365.00
2018-04-25,09:00:24,,520.00,367.88,,419.00,,365.00
2018-04-25,15:00:26,,520.00,357.88,,419.00,,365.00
2018-04-25,21:00:26,,520.00,357.88,,419.00,,365.00
2018-04-26,09:00:26,,520.00,357.88,,419.00,,415.00
2018-04-26,15:00:26,,520.00,,,419.00,,415.00
2018-04-26,21:00:25,,520.00,,,419.00,408.00,399.00
2018-04-27,09:00:26,,520.00,,,419.00,417.00,399.00
2018-04-27,15:00:24,,520.00,,,419.00,418.00,399.00
2018-04-27,21:00:24,,,,,419.00,420.00,415.00
2018-04-28,09:00:24,,,398.88,,419.00,438.00,415.00
2018-04-28,15:00:24,,,398.88,,419.00,438.00,415.00
2018-04-28,21:00:25,,,398.88,,419.00,438.00,
2018-04-29,09:00:25,,,408.88,,419.00,470.00,
2018-04-29,15:00:23,,,408.88,,419.00,470.00,
2018-04-29,21:00:24,,,408.88,,419.00,470.00,
2018-04-30,09:00:25,,,414.88,,419.00,475.00,
2018-04-30,15:00:24,,,414.88,,419.00,479.99,
2018-04-30,21:00:48,,,408.88,,419.00,479.99,
2018-05-01,09:00:25,,,408.88,,419.00,468.00,
2018-05-01,15:00:35,,,408.88,,419.00,465.00,
2018-05-01,21:00:28,,,388.88,,419.00,459.80,
2018-05-02,09:00:24,,,388.88,,419.00,440.00,399.00
2018-05-02,15:00:24,,,388.88,,419.00,439.00,388.88
2018-05-02,21:00:24,,,368.88,,409.00,435.00,388.88
2018-05-03,09:00:24,,,368.88,,409.00,435.00,368.88
2018-05-03,15:00:24,,,384.88,,409.00,435.00,384.88
2018-05-03,21:00:27,,,373.88,,409.00,435.00,373.00
2018-05-04,09:00:24,,,371.88,,409.00,438.00,373.00
2018-05-04,15:00:24,,,371.88,,409.00,438.00,373.00
2018-05-04,21:00:23,,,371.88,,409.00,455.00,373.00
2018-05-05,09:00:22,,,371.88,,409.00,449.00,373.00
2018-05-05,15:00:25,,,371.88,,409.00,449.00,373.00
2018-05-05,21:00:24,,,371.88,,409.00,445.00,371.00
2018-05-06,09:00:24,,,371.88,,409.00,449.00,371.00
2018-05-06,15:00:24,,,376.88,,409.00,449.00,371.00
2018-05-06,21:00:23,,,374.88,,409.00,449.00,371.00
2018-05-07,09:00:23,,,371.88,,409.00,449.00,371.00
2018-05-07,15:00:24,,,371.88,,409.00,449.00,372.98
2018-05-07,21:00:24,,,374.88,,409.00,449.00,372.98
2018-05-08,09:00:27,,,371.88,,409.00,448.00,372.98
2018-05-08,15:00:24,,,371.88,,409.00,448.00,370.00
2018-05-08,21:00:43,,,364.88,,409.00,443.00,370.00
2018-05-09,09:00:24,,,364.88,,409.00,435.00,370.00
2018-05-09,15:00:27,,,364.88,,409.00,429.90,366.00
2018-05-09,21:00:23,,,354.88,,409.00,,366.00
2018-05-10,09:00:23,,,354.88,,409.00,,366.00
2018-05-10,15:00:24,,,354.88,,409.00,,366.00
2018-05-10,21:00:23,,,354.88,,409.00,,366.00
2018-05-11,09:00:23,,,354.88,,409.00,,366.00
2018-05-11,15:00:24,,,354.88,,409.00,,365.00
2018-05-11,21:00:26,,,354.88,,409.00,,360.00
2018-05-12,09:00:23,,,359.88,,409.00,,355.00
2018-05-12,15:00:22,,,359.88,,409.00,,365.00
2018-05-12,21:00:22,,,354.88,,409.00,,365.00
2018-05-13,09:00:29,,,354.88,,409.00,,365.00
2018-05-13,15:00:25,,,354.88,,409.00,,365.00
2018-05-13,21:00:22,,,348.88,,409.00,,365.00
2018-05-14,09:00:23,,,354.88,,409.00,,365.00
2018-05-14,15:00:23,,,359.88,,409.00,,365.00
2018-05-14,21:00:24,,,364.88,,409.00,,365.00
2018-05-15,09:00:23,,,358.88,,409.00,,365.00
2018-05-15,15:00:24,,,368.88,,409.00,,355.00
2018-05-15,21:00:23,,,378.88,,409.00,,355.00
2018-05-16,09:00:24,,,368.88,,409.00,,370.00
2018-05-16,15:00:22,,,368.88,,409.00,,368.00
2018-05-16,21:00:27,,,367.88,,409.00,,368.00
2018-05-17,09:00:23,,,367.88,,409.00,,368.00
2018-05-17,15:00:23,,,367.88,,409.00,,368.00
2018-05-17,21:00:23,,,367.88,,409.00,,368.00
2018-05-18,09:00:23,,,378.88,,409.00,,368.00
2018-05-18,15:00:22,,,378.88,,409.00,,368.00
2018-05-18,21:00:23,,,388.88,,409.00,,400.00
2018-05-19,09:00:24,,,388.88,,409.00,,400.00
2018-05-19,15:00:23,,,374.88,,409.00,,378.00
2018-05-19,21:00:23,,,374.88,,409.00,,378.00
2018-05-20,09:00:22,,,374.88,,409.00,,378.00
2018-05-20,15:00:23,,,374.88,,409.00,,375.00
2018-05-20,21:00:24,,,374.88,,409.00,,373.00
2018-05-21,09:00:22,,,384.88,,409.00,,371.00
2018-05-21,15:00:23,,,382.88,,409.00,,370.00
2018-05-21,21:00:24,,,378.88,,409.00,,370.00
2018-05-22,09:00:24,,,378.88,,409.00,,370.00
2018-05-22,15:00:23,,,378.88,,409.00,,370.00
2018-05-22,21:00:23,,,378.88,,409.00,,370.00
2018-05-23,09:00:22,,,378.88,,409.00,,370.00
2018-05-23,15:00:24,,,378.88,,409.00,,370.00
2018-05-23,21:00:22,,,374.88,,409.00,,370.00
2018-05-24,09:00:22,,,374.88,,409.00,,370.00
2018-05-24,15:00:24,,,358.88,,395.00,,370.00
2018-05-24,21:00:24,,,358.88,,395.00,,365.00
2018-05-25,09:00:23,,,378.88,,395.00,,365.00
2018-05-25,15:00:23,,,378.88,,395.00,,365.00
2018-05-25,21:00:24,,,378.88,,385.00,,360.00
2018-05-26,09:00:23,,,374.88,,385.00,,360.00
2018-05-26,15:00:25,,,367.88,,385.00,,360.00
2018-05-26,21:00:24,,,367.88,,385.00,,360.00
2018-05-27,09:00:22,,,367.88,,385.00,,360.00
2018-05-27,15:00:24,,,367.88,,385.00,,360.00
2018-05-27,21:00:23,,,367.88,,385.00,,360.00
2018-05-28,09:00:23,,,374.88,,385.00,,360.00
2018-05-28,15:00:23,,,374.88,,385.00,,360.00
2018-05-28,21:00:24,,,374.88,,385.00,,359.00
2018-05-29,09:00:23,,,359.99,,385.00,,359.00
2018-05-29,15:00:24,,,359.99,,385.00,,359.00
2018-05-29,21:00:23,,,359.99,,385.00,,338.00
2018-05-30,09:00:22,,,359.99,,385.00,,360.00
2018-05-30,15:00:22,,,351.88,,385.00,,352.00
2018-05-30,21:00:24,,,351.88,,385.00,,352.00
2018-05-31,09:00:20,,,367.88,,370.00,,352.00
2018-05-31,15:00:23,,,367.88,,370.00,,352.00
2018-05-31,21:00:26,,,367.88,,370.00,,352.00
2018-06-01,09:00:23,,,391.88,,385.00,,352.00
2018-06-01,15:00:23,,,398.88,,395.00,,365.00
2018-06-01,21:00:23,,,394.88,,395.00,,365.00
2018-06-02,09:00:22,,,375.88,,380.00,,395.00
2018-06-02,15:00:23,,,371.88,,380.00,,375.00
2018-06-02,21:00:25,,,367.88,,380.00,,370.00
